{
  "Objs": [
    {
      "HashId": 1,
      "SRTHash": 0,
      "Translate": [
        442.557373046875,
        100.0,
        493.7390441894531
      ],
      "UnitConfigName": "DgnObj_DLC_BattleRoom_B_02C"
    }
  ],
  "Rails": []
}